Spectral Type,Effective Temperature (K),log (L/Lsun),Absolute Bolometric Magnitude,Absolute Visual Magnitude,Colour Index (B-V),Colour Index (U-B),Colour Index (V-R),Colour Index (V-I)
O3V,44900,5.82,-9.81,-5.8,-0.33,-1.175,,
O4V,42900,5.65,-9.39,-5.5,-0.326,-1.16,,
O5V,41400,5.54,-9.11,-5.35,-0.323,-1.15,,
O5.5V,40500,5.44,-8.87,-5.2,-0.322,-1.145,,
O6V,39500,5.36,-8.67,-5.1,-0.321,-1.14,,
O6.5V,38300,5.27,-8.44,-4.95,-0.319,-1.135,,
O7V,37100,5.18,-8.21,-4.8,-0.318,-1.13,,
O7.5V,36100,5.09,-7.98,-4.65,-0.317,-1.125,,
O8V,35100,4.99,-7.74,-4.5,-0.315,-1.12,,
O8.5V,34300,4.91,-7.53,-4.35,-0.314,-1.115,,
O9V,33300,4.82,-7.31,-4.2,-0.312,-1.11,,-0.369
O9.5V,31900,4.72,-7.06,-4.05,-0.307,-1.09,,-0.361
B0V,31400,4.65,-6.89,-3.9,-0.301,-1.07,,-0.355
B0.5V,29000,4.43,-6.33,-3.5,-0.289,-1.03,,-0.338
B1V,26000,4.13,-5.58,-3,-0.278,-0.995,-0.115,-0.325
B1.5V,24500,3.91,-5.04,-2.6,-0.252,-0.91,-0.114,-0.281
B2V,20600,3.43,-3.83,-1.8,-0.215,-0.79,-0.094,-0.23
B2.5V,18500,3.2,-3.27,-1.5,-0.198,-0.732,-0.087,-0.21
B3V,17000,2.99,-2.74,-1.2,-0.178,-0.673,-0.08,-0.192
B4V,16400,2.89,-2.49,-1,-0.165,-0.619,-0.074,-0.176
B5V,15700,2.77,-2.19,-0.85,-0.156,-0.581,-0.07,-0.165
B6V,14500,2.57,-1.68,-0.55,-0.14,-0.504,-0.062,-0.145
B7V,14000,2.48,-1.45,-0.4,-0.128,-0.459,-0.058,-0.133
B8V,12300,2.19,-0.73,0,-0.109,-0.364,-0.048,-0.108
B9V,10700,1.86,0.08,0.5,-0.07,-0.2,-0.028,-0.061
B9.5V,10400,1.8,0.24,0.6,-0.05,-0.13,-0.017,-0.035
A0V,9700,1.58,0.78,0.99,0,-0.005,0.001,0.004
A1V,9300,1.49,1.02,1.16,0.035,0.033,0.019,0.044
A2V,8800,1.38,1.28,1.35,0.07,0.063,0.042,0.091
A3V,8600,1.23,1.66,1.7,0.1,0.077,0.05,0.108
A4V,8250,1.13,1.92,1.94,0.14,0.097,0.078,0.164
A5V,8100,1.09,2.01,2.01,0.16,0.1,0.089,0.186
A6V,7910,1.05,2.13,2.12,0.185,0.098,0.094,0.197
A7V,7760,1,2.24,2.23,0.21,0.091,0.117,0.242
A8V,7590,0.96,2.34,2.32,0.25,0.082,0.14,0.288
A9V,7400,0.92,2.45,2.43,0.27,0.08,0.143,0.294
F0V,7220,0.86,2.58,2.57,0.295,0.053,0.166,0.339
F1V,7020,0.79,2.77,2.76,0.33,0.021,0.19,0.385
F2V,6820,0.71,2.97,2.97,0.37,-0.008,0.213,0.432
F3V,6750,0.67,3.07,3.08,0.39,-0.016,0.222,0.449
F4V,6670,0.62,3.19,3.2,0.41,-0.026,0.236,0.476
F5V,6550,0.56,3.35,3.37,0.44,-0.029,0.252,0.506
F6V,6350,0.43,3.66,3.69,0.486,-0.021,0.276,0.553
F7V,6280,0.39,3.77,3.8,0.5,-0.012,0.29,0.579
F8V,6180,0.29,4.01,4.05,0.53,0.001,0.3,0.599
F9V,6050,0.22,4.2,4.25,0.56,0.014,0.312,0.62
F9.5V,5990,0.18,4.29,4.35,0.58,0.033,0.323,0.64
G0V,5930,0.13,4.42,4.48,0.595,0.057,0.341,0.673
G1V,5860,0.08,4.55,4.62,0.622,0.067,0.34,0.672
G2V,5770,0.01,4.72,4.8,0.65,0.133,0.363,0.713
G3V,5720,-0.01,4.78,4.87,0.66,0.152,0.368,0.722
G4V,5680,-0.04,4.83,4.93,0.67,0.175,0.374,0.733
G5V,5660,-0.05,4.88,4.98,0.68,0.185,0.377,0.738
G6V,5600,-0.1,4.99,5.1,0.7,0.227,0.388,0.758
G7V,5550,-0.13,5.08,5.2,0.71,0.243,0.393,0.766
G8V,5480,-0.17,5.16,5.3,0.73,0.284,0.404,0.786
G9V,5380,-0.26,5.39,5.55,0.775,0.358,0.423,0.82
K0V,5270,-0.34,5.59,5.78,0.816,0.436,0.443,0.853
K1V,5170,-0.39,5.72,5.95,0.857,0.491,0.457,0.879
K2V,5100,-0.43,5.81,6.07,0.884,0.581,0.482,0.92
K3V,4830,-0.55,6.13,6.5,0.99,0.776,0.537,1.013
K4V,4600,-0.69,6.46,6.98,1.09,0.986,0.635,1.182
K5V,4440,-0.76,6.65,7.28,1.15,1.081,0.685,1.272
K6V,4300,-0.86,6.89,7.64,1.24,1.184,0.759,1.42
K7V,4100,-1,7.23,8.16,1.34,1.222,0.802,1.519
K8V,3990,-1.06,7.4,8.43,1.363,1.216,0.843,1.632
K9V,3930,-1.1,7.49,8.56,1.4,1.21,0.866,1.699
M0V,3850,-1.16,7.65,8.8,1.42,1.204,0.889,1.766
M0.5V,3770,-1.27,7.91,9.2,1.445,1.184,0.924,1.886
M1V,3660,-1.39,8.22,9.64,1.485,1.172,0.956,2.005
M1.5V,3620,-1.44,8.35,9.85,1.495,1.17,0.978,2.089
M2V,3560,-1.54,8.59,10.21,1.505,1.17,1.001,2.173
M2.5V,3470,-1.64,8.82,10.61,1.522,1.175,1.041,2.306
M3V,3430,-1.79,9.21,11.15,1.53,1.181,1.079,2.42
M3.5V,3270,-2.03,9.82,12.1,1.6,1.2,1.178,2.68
M4V,3210,-2.14,10.1,12.61,1.65,1.222,1.241,2.831
M4.5V,3110,-2.4,10.74,13.58,1.69,1.23,1.345,3.073
M5V,3060,-2.52,11.04,14.15,1.83,1.24,1.446,3.278
M5.5V,2930,-2.79,11.72,15.3,1.94,1.3,1.656,3.664
M6V,2810,-2.98,12.19,16.32,2.01,1.3,1.95,4.1
M6.5V,2740,-3.1,12.48,17.1,2.07,,1.988,4.26
M7V,2680,-3.19,12.71,17.7,2.12,,2.18,4.5
M7.5V,2630,-3.24,12.84,18.16,2.14,,2.16,4.56
M8V,2570,-3.28,12.95,18.6,2.15,,2.15,4.62
M8.5V,2420,-3.47,13.42,19.2,2.16,,1.967,4.63
M9V,2380,-3.52,13.54,19.4,2.17,,1.89,4.66
M9.5V,2350,-3.57,13.67,19.75,,,2.51,4.73
L0V,2270,-3.6,13.75,20,,,,4.85
L1V,2160,-3.71,14.02,20.5,,,,4.91
L2V,2060,-3.82,14.28,20.9,,,,5.05
L3V,1920,-3.96,14.65,21.7,,,,5.29
L4V,1870,-4.01,14.77,22.3,,,,5.57
L5V,1710,-4.2,15.23,,,,,6.28
L6V,1550,-4.38,15.7,,,,,
L7V,1530,-4.41,15.77,,,,,
L8V,1420,-4.55,16.12,,,,,
L9V,1370,-4.61,16.27,,,,,
T0V,1255,-4.66,16.39,,,,,
T1V,1240,-4.69,16.47,,,,,
T2V,1220,-4.73,16.57,,,,,
T3V,1200,-4.77,16.67,,,,,
T4V,1180,-4.84,16.84,,,,,
T4.5V,1170,-4.9,16.99,,,,,
T5V,1160,-4.95,17.12,,,,,
T5.5V,1040,-5.04,17.34,,,,,
T6V,950,-5.12,17.54,,,,,
T7V,825,-5.37,18.17,,,,,
T7.5V,750,-5.54,18.59,,,,,
T8V,680,-5.71,19.02,,,,,
T8.5V,600,-5.93,19.57,,,,,
T9V,560,-6.15,20.12,,,,,
T9.5V,510,,,,,,,
Y0V,450,-6.52,21.04,,,,,
Y0.5V,400,,,,,,,
Y1V,360,,,,,,,
Y1.5V,325,,,,,,,
Y2V,320,,,,,,,
Y4V,250,,,,,,,
